PassengerId,Survived,Pclass,Sex,Age,Ticket,Fare,Embarked,Title,Familia
1,0,3,0,22.0,A/5 21171,7.25,0,2,1
2,1,1,1,38.0,PC 17599,71.2833,1,3,1
3,1,3,1,26.0,STON/O2. 3101282,7.925,0,1,0
4,1,1,1,35.0,113803,53.1,0,3,1
5,0,3,0,35.0,373450,8.05,0,2,0
6,0,3,0,28.0,330877,8.4583,2,2,0
7,0,1,0,54.0,17463,51.8625,0,2,0
8,0,3,0,2.0,349909,21.075,0,0,4
9,1,3,1,27.0,347742,11.1333,0,3,2
10,1,2,1,14.0,237736,30.0708,1,3,1
11,1,3,1,4.0,PP 9549,16.7,0,1,2
12,1,1,1,58.0,113783,26.55,0,1,0
13,0,3,0,20.0,A/5. 2151,8.05,0,2,0
14,0,3,0,39.0,347082,31.275,0,2,6
15,0,3,1,14.0,350406,7.8542,0,1,0
16,1,2,1,55.0,248706,16.0,0,3,0
17,0,3,0,2.0,382652,29.125,2,0,5
18,1,2,0,28.0,244373,13.0,0,2,0
19,0,3,1,31.0,345763,18.0,0,3,1
20,1,3,1,28.0,2649,7.225,1,3,0
21,0,2,0,35.0,239865,26.0,0,2,0
22,1,2,0,34.0,248698,13.0,0,2,0
23,1,3,1,15.0,330923,8.0292,2,1,0
24,1,1,0,28.0,113788,35.5,0,2,0
25,0,3,1,8.0,349909,21.075,0,1,4
26,1,3,1,38.0,347077,31.3875,0,3,6
27,0,3,0,28.0,2631,7.225,1,2,0
28,0,1,0,19.0,19950,263.0,0,2,5
29,1,3,1,28.0,330959,7.8792,2,1,0
30,0,3,0,28.0,349216,7.8958,0,2,0
31,0,1,0,40.0,PC 17601,27.7208,1,4,0
32,1,1,1,28.0,PC 17569,146.5208,1,3,1
33,1,3,1,28.0,335677,7.75,2,1,0
34,0,2,0,66.0,C.A. 24579,10.5,0,2,0
35,0,1,0,28.0,PC 17604,82.1708,1,2,1
36,0,1,0,42.0,113789,52.0,0,2,1
37,1,3,0,28.0,2677,7.2292,1,2,0
38,0,3,0,21.0,A./5. 2152,8.05,0,2,0
39,0,3,1,18.0,345764,18.0,0,1,2
40,1,3,1,14.0,2651,11.2417,1,1,1
41,0,3,1,40.0,7546,9.475,0,3,1
42,0,2,1,27.0,11668,21.0,0,3,1
43,0,3,0,28.0,349253,7.8958,1,2,0
44,1,2,1,3.0,SC/Paris 2123,41.5792,1,1,3
45,1,3,1,19.0,330958,7.8792,2,1,0
46,0,3,0,28.0,S.C./A.4. 23567,8.05,0,2,0
47,0,3,0,28.0,370371,15.5,2,2,1
48,1,3,1,28.0,14311,7.75,2,1,0
49,0,3,0,28.0,2662,21.6792,1,2,2
50,0,3,1,18.0,349237,17.8,0,3,1
51,0,3,0,7.0,3101295,39.6875,0,0,5
52,0,3,0,21.0,A/4. 39886,7.8,0,2,0
53,1,1,1,49.0,PC 17572,76.7292,1,3,1
54,1,2,1,29.0,2926,26.0,0,3,1
55,0,1,0,65.0,113509,61.9792,1,2,1
56,1,1,0,28.0,19947,35.5,0,2,0
57,1,2,1,21.0,C.A. 31026,10.5,0,1,0
58,0,3,0,28.5,2697,7.2292,1,2,0
59,1,2,1,5.0,C.A. 34651,27.75,0,1,3
60,0,3,0,11.0,CA 2144,46.9,0,0,7
61,0,3,0,22.0,2669,7.2292,1,2,0
62,1,1,1,38.0,113572,80.0,0,1,0
63,0,1,0,45.0,36973,83.475,0,2,1
64,0,3,0,4.0,347088,27.9,0,0,5
65,0,1,0,28.0,PC 17605,27.7208,1,2,0
66,1,3,0,28.0,2661,15.2458,1,0,2
67,1,2,1,29.0,C.A. 29395,10.5,0,3,0
68,0,3,0,19.0,S.P. 3464,8.1583,0,2,0
69,1,3,1,17.0,3101281,7.925,0,1,6
70,0,3,0,26.0,315151,8.6625,0,2,2
71,0,2,0,32.0,C.A. 33111,10.5,0,2,0
72,0,3,1,16.0,CA 2144,46.9,0,1,7
73,0,2,0,21.0,S.O.C. 14879,73.5,0,2,0
74,0,3,0,26.0,2680,14.4542,1,2,1
75,1,3,0,32.0,1601,56.4958,0,2,0
76,0,3,0,25.0,348123,7.65,0,2,0
77,0,3,0,28.0,349208,7.8958,0,2,0
78,0,3,0,28.0,374746,8.05,0,2,0
79,1,2,0,0.83,248738,29.0,0,0,2
80,1,3,1,30.0,364516,12.475,0,1,0
81,0,3,0,22.0,345767,9.0,0,2,0
82,1,3,0,29.0,345779,9.5,0,2,0
83,1,3,1,28.0,330932,7.7875,2,1,0
84,0,1,0,28.0,113059,47.1,0,2,0
85,1,2,1,17.0,SO/C 14885,10.5,0,1,0
86,1,3,1,33.0,3101278,15.85,0,3,3
87,0,3,0,16.0,W./C. 6608,34.375,0,2,4
88,0,3,0,28.0,SOTON/OQ 392086,8.05,0,2,0
89,1,1,1,23.0,19950,263.0,0,1,5
90,0,3,0,24.0,343275,8.05,0,2,0
91,0,3,0,29.0,343276,8.05,0,2,0
92,0,3,0,20.0,347466,7.8542,0,2,0
93,0,1,0,46.0,W.E.P. 5734,61.175,0,2,1
94,0,3,0,26.0,C.A. 2315,20.575,0,2,3
95,0,3,0,59.0,364500,7.25,0,2,0
96,0,3,0,28.0,374910,8.05,0,2,0
97,0,1,0,71.0,PC 17754,34.6542,1,2,0
98,1,1,0,23.0,PC 17759,63.3583,1,2,1
99,1,2,1,34.0,231919,23.0,0,3,1
100,0,2,0,34.0,244367,26.0,0,2,1
101,0,3,1,28.0,349245,7.8958,0,1,0
102,0,3,0,28.0,349215,7.8958,0,2,0
103,0,1,0,21.0,35281,77.2875,0,2,1
104,0,3,0,33.0,7540,8.6542,0,2,0
105,0,3,0,37.0,3101276,7.925,0,2,2
106,0,3,0,28.0,349207,7.8958,0,2,0
107,1,3,1,21.0,343120,7.65,0,1,0
108,1,3,0,28.0,312991,7.775,0,2,0
109,0,3,0,38.0,349249,7.8958,0,2,0
110,1,3,1,28.0,371110,24.15,2,1,1
111,0,1,0,47.0,110465,52.0,0,2,0
112,0,3,1,14.5,2665,14.4542,1,1,1
113,0,3,0,22.0,324669,8.05,0,2,0
114,0,3,1,20.0,4136,9.825,0,1,1
115,0,3,1,17.0,2627,14.4583,1,1,0
116,0,3,0,21.0,STON/O 2. 3101294,7.925,0,2,0
117,0,3,0,70.5,370369,7.75,2,2,0
118,0,2,0,29.0,11668,21.0,0,2,1
119,0,1,0,24.0,PC 17558,247.5208,1,2,1
120,0,3,1,2.0,347082,31.275,0,1,6
121,0,2,0,21.0,S.O.C. 14879,73.5,0,2,2
122,0,3,0,28.0,A4. 54510,8.05,0,2,0
123,0,2,0,32.5,237736,30.0708,1,2,1
124,1,2,1,32.5,27267,13.0,0,1,0
125,0,1,0,54.0,35281,77.2875,0,2,1
126,1,3,0,12.0,2651,11.2417,1,0,1
127,0,3,0,28.0,370372,7.75,2,2,0
128,1,3,0,24.0,C 17369,7.1417,0,2,0
129,1,3,1,28.0,2668,22.3583,1,1,2
130,0,3,0,45.0,347061,6.975,0,2,0
131,0,3,0,33.0,349241,7.8958,1,2,0
132,0,3,0,20.0,SOTON/O.Q. 3101307,7.05,0,2,0
133,0,3,1,47.0,A/5. 3337,14.5,0,3,1
134,1,2,1,29.0,228414,26.0,0,3,1
135,0,2,0,25.0,C.A. 29178,13.0,0,2,0
136,0,2,0,23.0,SC/PARIS 2133,15.0458,1,2,0
137,1,1,1,19.0,11752,26.2833,0,1,2
138,0,1,0,37.0,113803,53.1,0,2,1
139,0,3,0,16.0,7534,9.2167,0,2,0
140,0,1,0,24.0,PC 17593,79.2,1,2,0
141,0,3,1,28.0,2678,15.2458,1,3,2
142,1,3,1,22.0,347081,7.75,0,1,0
143,1,3,1,24.0,STON/O2. 3101279,15.85,0,3,1
144,0,3,0,19.0,365222,6.75,2,2,0
145,0,2,0,18.0,231945,11.5,0,2,0
146,0,2,0,19.0,C.A. 33112,36.75,0,2,2
147,1,3,0,27.0,350043,7.7958,0,2,0
148,0,3,1,9.0,W./C. 6608,34.375,0,1,4
149,0,2,0,36.5,230080,26.0,0,2,2
150,0,2,0,42.0,244310,13.0,0,4,0
151,0,2,0,51.0,S.O.P. 1166,12.525,0,4,0
152,1,1,1,22.0,113776,66.6,0,3,1
153,0,3,0,55.5,A.5. 11206,8.05,0,2,0
154,0,3,0,40.5,A/5. 851,14.5,0,2,2
155,0,3,0,28.0,Fa 265302,7.3125,0,2,0
156,0,1,0,51.0,PC 17597,61.3792,1,2,1
157,1,3,1,16.0,35851,7.7333,2,1,0
158,0,3,0,30.0,SOTON/OQ 392090,8.05,0,2,0
159,0,3,0,28.0,315037,8.6625,0,2,0
160,0,3,0,28.0,CA. 2343,69.55,0,0,10
161,0,3,0,44.0,371362,16.1,0,2,1
162,1,2,1,40.0,C.A. 33595,15.75,0,3,0
163,0,3,0,26.0,347068,7.775,0,2,0
164,0,3,0,17.0,315093,8.6625,0,2,0
165,0,3,0,1.0,3101295,39.6875,0,0,5
166,1,3,0,9.0,363291,20.525,0,0,2
167,1,1,1,28.0,113505,55.0,0,3,1
168,0,3,1,45.0,347088,27.9,0,3,5
169,0,1,0,28.0,PC 17318,25.925,0,2,0
170,0,3,0,28.0,1601,56.4958,0,2,0
171,0,1,0,61.0,111240,33.5,0,2,0
172,0,3,0,4.0,382652,29.125,2,0,5
173,1,3,1,1.0,347742,11.1333,0,1,2
174,0,3,0,21.0,STON/O 2. 3101280,7.925,0,2,0
175,0,1,0,56.0,17764,30.6958,1,2,0
176,0,3,0,18.0,350404,7.8542,0,2,2
177,0,3,0,28.0,4133,25.4667,0,0,4
178,0,1,1,50.0,PC 17595,28.7125,1,1,0
179,0,2,0,30.0,250653,13.0,0,2,0
180,0,3,0,36.0,LINE,0.0,0,2,0
181,0,3,1,28.0,CA. 2343,69.55,0,1,10
182,0,2,0,28.0,SC/PARIS 2131,15.05,1,2,0
183,0,3,0,9.0,347077,31.3875,0,0,6
184,1,2,0,1.0,230136,39.0,0,0,3
185,1,3,1,4.0,315153,22.025,0,1,2
186,0,1,0,28.0,113767,50.0,0,2,0
187,1,3,1,28.0,370365,15.5,2,3,1
188,1,1,0,45.0,111428,26.55,0,2,0
189,0,3,0,40.0,364849,15.5,2,2,2
190,0,3,0,36.0,349247,7.8958,0,2,0
191,1,2,1,32.0,234604,13.0,0,3,0
192,0,2,0,19.0,28424,13.0,0,2,0
193,1,3,1,19.0,350046,7.8542,0,1,1
194,1,2,0,3.0,230080,26.0,0,0,2
195,1,1,1,44.0,PC 17610,27.7208,1,3,0
196,1,1,1,58.0,PC 17569,146.5208,1,1,0
197,0,3,0,28.0,368703,7.75,2,2,0
198,0,3,0,42.0,4579,8.4042,0,2,1
199,1,3,1,28.0,370370,7.75,2,1,0
200,0,2,1,24.0,248747,13.0,0,1,0
201,0,3,0,28.0,345770,9.5,0,2,0
202,0,3,0,28.0,CA. 2343,69.55,0,2,10
203,0,3,0,34.0,3101264,6.4958,0,2,0
204,0,3,0,45.5,2628,7.225,1,2,0
205,1,3,0,18.0,A/5 3540,8.05,0,2,0
206,0,3,1,2.0,347054,10.4625,0,1,1
207,0,3,0,32.0,3101278,15.85,0,2,1
208,1,3,0,26.0,2699,18.7875,1,2,0
209,1,3,1,16.0,367231,7.75,2,1,0
210,1,1,0,40.0,112277,31.0,1,2,0
211,0,3,0,24.0,SOTON/O.Q. 3101311,7.05,0,2,0
212,1,2,1,35.0,F.C.C. 13528,21.0,0,1,0
213,0,3,0,22.0,A/5 21174,7.25,0,2,0
214,0,2,0,30.0,250646,13.0,0,2,0
215,0,3,0,28.0,367229,7.75,2,2,1
216,1,1,1,31.0,35273,113.275,1,1,1
217,1,3,1,27.0,STON/O2. 3101283,7.925,0,1,0
218,0,2,0,42.0,243847,27.0,0,2,1
219,1,1,1,32.0,11813,76.2917,1,1,0
220,0,2,0,30.0,W/C 14208,10.5,0,2,0
221,1,3,0,16.0,SOTON/OQ 392089,8.05,0,2,0
222,0,2,0,27.0,220367,13.0,0,2,0
223,0,3,0,51.0,21440,8.05,0,2,0
224,0,3,0,28.0,349234,7.8958,0,2,0
225,1,1,0,38.0,19943,90.0,0,2,1
226,0,3,0,22.0,PP 4348,9.35,0,2,0
227,1,2,0,19.0,SW/PP 751,10.5,0,2,0
228,0,3,0,20.5,A/5 21173,7.25,0,2,0
229,0,2,0,18.0,236171,13.0,0,2,0
230,0,3,1,28.0,4133,25.4667,0,1,4
231,1,1,1,35.0,36973,83.475,0,3,1
232,0,3,0,29.0,347067,7.775,0,2,0
233,0,2,0,59.0,237442,13.5,0,2,0
234,1,3,1,5.0,347077,31.3875,0,1,6
235,0,2,0,24.0,C.A. 29566,10.5,0,2,0
236,0,3,1,28.0,W./C. 6609,7.55,0,1,0
237,0,2,0,44.0,26707,26.0,0,2,1
238,1,2,1,8.0,C.A. 31921,26.25,0,1,2
239,0,2,0,19.0,28665,10.5,0,2,0
240,0,2,0,33.0,SCO/W 1585,12.275,0,2,0
241,0,3,1,28.0,2665,14.4542,1,1,1
242,1,3,1,28.0,367230,15.5,2,1,1
243,0,2,0,29.0,W./C. 14263,10.5,0,2,0
244,0,3,0,22.0,STON/O 2. 3101275,7.125,0,2,0
245,0,3,0,30.0,2694,7.225,1,2,0
246,0,1,0,44.0,19928,90.0,2,4,2
247,0,3,1,25.0,347071,7.775,0,1,0
248,1,2,1,24.0,250649,14.5,0,3,2
249,1,1,0,37.0,11751,52.5542,0,2,2
250,0,2,0,54.0,244252,26.0,0,4,1
251,0,3,0,28.0,362316,7.25,0,2,0
252,0,3,1,29.0,347054,10.4625,0,3,2
253,0,1,0,62.0,113514,26.55,0,2,0
254,0,3,0,30.0,A/5. 3336,16.1,0,2,1
255,0,3,1,41.0,370129,20.2125,0,3,2
256,1,3,1,29.0,2650,15.2458,1,3,2
257,1,1,1,28.0,PC 17585,79.2,1,3,0
258,1,1,1,30.0,110152,86.5,0,1,0
259,1,1,1,35.0,PC 17755,512.3292,1,1,0
260,1,2,1,50.0,230433,26.0,0,3,1
261,0,3,0,28.0,384461,7.75,2,2,0
262,1,3,0,3.0,347077,31.3875,0,0,6
263,0,1,0,52.0,110413,79.65,0,2,2
264,0,1,0,40.0,112059,0.0,0,2,0
265,0,3,1,28.0,382649,7.75,2,1,0
266,0,2,0,36.0,C.A. 17248,10.5,0,2,0
267,0,3,0,16.0,3101295,39.6875,0,2,5
268,1,3,0,25.0,347083,7.775,0,2,1
269,1,1,1,58.0,PC 17582,153.4625,0,3,1
270,1,1,1,35.0,PC 17760,135.6333,0,1,0
271,0,1,0,28.0,113798,31.0,0,2,0
272,1,3,0,25.0,LINE,0.0,0,2,0
273,1,2,1,41.0,250644,19.5,0,3,1
274,0,1,0,37.0,PC 17596,29.7,1,2,1
275,1,3,1,28.0,370375,7.75,2,1,0
276,1,1,1,63.0,13502,77.9583,0,1,1
277,0,3,1,45.0,347073,7.75,0,1,0
278,0,2,0,28.0,239853,0.0,0,2,0
279,0,3,0,7.0,382652,29.125,2,0,5
280,1,3,1,35.0,C.A. 2673,20.25,0,3,2
281,0,3,0,65.0,336439,7.75,2,2,0
282,0,3,0,28.0,347464,7.8542,0,2,0
283,0,3,0,16.0,345778,9.5,0,2,0
284,1,3,0,19.0,A/5. 10482,8.05,0,2,0
285,0,1,0,28.0,113056,26.0,0,2,0
286,0,3,0,33.0,349239,8.6625,1,2,0
287,1,3,0,30.0,345774,9.5,0,2,0
288,0,3,0,22.0,349206,7.8958,0,2,0
289,1,2,0,42.0,237798,13.0,0,2,0
290,1,3,1,22.0,370373,7.75,2,1,0
291,1,1,1,26.0,19877,78.85,0,1,0
292,1,1,1,19.0,11967,91.0792,1,3,1
293,0,2,0,36.0,SC/Paris 2163,12.875,1,2,0
294,0,3,1,24.0,349236,8.85,0,1,0
295,0,3,0,24.0,349233,7.8958,0,2,0
296,0,1,0,28.0,PC 17612,27.7208,1,2,0
297,0,3,0,23.5,2693,7.2292,1,2,0
298,0,1,1,2.0,113781,151.55,0,1,3
299,1,1,0,28.0,19988,30.5,0,2,0
300,1,1,1,50.0,PC 17558,247.5208,1,3,1
301,1,3,1,28.0,9234,7.75,2,1,0
302,1,3,0,28.0,367226,23.25,2,2,2
303,0,3,0,19.0,LINE,0.0,0,2,0
304,1,2,1,28.0,226593,12.35,2,1,0
305,0,3,0,28.0,A/5 2466,8.05,0,2,0
306,1,1,0,0.92,113781,151.55,0,0,3
307,1,1,1,28.0,17421,110.8833,1,1,0
308,1,1,1,17.0,PC 17758,108.9,1,3,1
309,0,2,0,30.0,P/PP 3381,24.0,1,2,1
310,1,1,1,30.0,PC 17485,56.9292,1,1,0
311,1,1,1,24.0,11767,83.1583,1,1,0
312,1,1,1,18.0,PC 17608,262.375,1,1,4
313,0,2,1,26.0,250651,26.0,0,3,2
314,0,3,0,28.0,349243,7.8958,0,2,0
315,0,2,0,43.0,F.C.C. 13529,26.25,0,2,2
316,1,3,1,26.0,347470,7.8542,0,1,0
317,1,2,1,24.0,244367,26.0,0,3,1
318,0,2,0,54.0,29011,14.0,0,4,0
319,1,1,1,31.0,36928,164.8667,0,1,2
320,1,1,1,40.0,16966,134.5,1,3,2
321,0,3,0,22.0,A/5 21172,7.25,0,2,0
322,0,3,0,27.0,349219,7.8958,0,2,0
323,1,2,1,30.0,234818,12.35,2,1,0
324,1,2,1,22.0,248738,29.0,0,3,2
325,0,3,0,28.0,CA. 2343,69.55,0,2,10
326,1,1,1,36.0,PC 17760,135.6333,1,1,0
327,0,3,0,61.0,345364,6.2375,0,2,0
328,1,2,1,36.0,28551,13.0,0,3,0
329,1,3,1,31.0,363291,20.525,0,3,2
330,1,1,1,16.0,111361,57.9792,1,1,1
331,1,3,1,28.0,367226,23.25,2,1,2
332,0,1,0,45.5,113043,28.5,0,2,0
333,0,1,0,38.0,PC 17582,153.4625,0,2,1
334,0,3,0,16.0,345764,18.0,0,2,2
335,1,1,1,28.0,PC 17611,133.65,0,3,1
336,0,3,0,28.0,349225,7.8958,0,2,0
337,0,1,0,29.0,113776,66.6,0,2,1
338,1,1,1,41.0,16966,134.5,1,1,0
339,1,3,0,45.0,7598,8.05,0,2,0
340,0,1,0,45.0,113784,35.5,0,2,0
341,1,2,0,2.0,230080,26.0,0,0,2
342,1,1,1,24.0,19950,263.0,0,1,5
343,0,2,0,28.0,248740,13.0,0,2,0
344,0,2,0,25.0,244361,13.0,0,2,0
345,0,2,0,36.0,229236,13.0,0,2,0
346,1,2,1,24.0,248733,13.0,0,1,0
347,1,2,1,40.0,31418,13.0,0,1,0
348,1,3,1,28.0,386525,16.1,0,3,1
349,1,3,0,3.0,C.A. 37671,15.9,0,0,2
350,0,3,0,42.0,315088,8.6625,0,2,0
351,0,3,0,23.0,7267,9.225,0,2,0
352,0,1,0,28.0,113510,35.0,0,2,0
353,0,3,0,15.0,2695,7.2292,1,2,2
354,0,3,0,25.0,349237,17.8,0,2,1
355,0,3,0,28.0,2647,7.225,1,2,0
356,0,3,0,28.0,345783,9.5,0,2,0
357,1,1,1,22.0,113505,55.0,0,1,1
358,0,2,1,38.0,237671,13.0,0,1,0
359,1,3,1,28.0,330931,7.8792,2,1,0
360,1,3,1,28.0,330980,7.8792,2,1,0
361,0,3,0,40.0,347088,27.9,0,2,5
362,0,2,0,29.0,SC/PARIS 2167,27.7208,1,2,1
363,0,3,1,45.0,2691,14.4542,1,3,1
364,0,3,0,35.0,SOTON/O.Q. 3101310,7.05,0,2,0
365,0,3,0,28.0,370365,15.5,2,2,1
366,0,3,0,30.0,C 7076,7.25,0,2,0
367,1,1,1,60.0,110813,75.25,1,3,1
368,1,3,1,28.0,2626,7.2292,1,3,0
369,1,3,1,28.0,14313,7.75,2,1,0
370,1,1,1,24.0,PC 17477,69.3,1,4,0
371,1,1,0,25.0,11765,55.4417,1,2,1
372,0,3,0,18.0,3101267,6.4958,0,2,1
373,0,3,0,19.0,323951,8.05,0,2,0
374,0,1,0,22.0,PC 17760,135.6333,1,2,0
375,0,3,1,3.0,349909,21.075,0,1,4
376,1,1,1,28.0,PC 17604,82.1708,1,3,1
377,1,3,1,22.0,C 7077,7.25,0,1,0
378,0,1,0,27.0,113503,211.5,1,2,2
379,0,3,0,20.0,2648,4.0125,1,2,0
380,0,3,0,19.0,347069,7.775,0,2,0
381,1,1,1,42.0,PC 17757,227.525,1,1,0
382,1,3,1,1.0,2653,15.7417,1,1,2
383,0,3,0,32.0,STON/O 2. 3101293,7.925,0,2,0
384,1,1,1,35.0,113789,52.0,0,3,1
385,0,3,0,28.0,349227,7.8958,0,2,0
386,0,2,0,18.0,S.O.C. 14879,73.5,0,2,0
387,0,3,0,1.0,CA 2144,46.9,0,0,7
388,1,2,1,36.0,27849,13.0,0,1,0
389,0,3,0,28.0,367655,7.7292,2,2,0
390,1,2,1,17.0,SC 1748,12.0,1,1,0
391,1,1,0,36.0,113760,120.0,0,2,3
392,1,3,0,21.0,350034,7.7958,0,2,0
393,0,3,0,28.0,3101277,7.925,0,2,2
394,1,1,1,23.0,35273,113.275,1,1,1
395,1,3,1,24.0,PP 9549,16.7,0,3,2
396,0,3,0,22.0,350052,7.7958,0,2,0
397,0,3,1,31.0,350407,7.8542,0,1,0
398,0,2,0,46.0,28403,26.0,0,2,0
399,0,2,0,23.0,244278,10.5,0,4,0
400,1,2,1,28.0,240929,12.65,0,3,0
401,1,3,0,39.0,STON/O 2. 3101289,7.925,0,2,0
402,0,3,0,26.0,341826,8.05,0,2,0
403,0,3,1,21.0,4137,9.825,0,1,1
404,0,3,0,28.0,STON/O2. 3101279,15.85,0,2,1
405,0,3,1,20.0,315096,8.6625,0,1,0
406,0,2,0,34.0,28664,21.0,0,2,1
407,0,3,0,51.0,347064,7.75,0,2,0
408,1,2,0,3.0,29106,18.75,0,0,2
409,0,3,0,21.0,312992,7.775,0,2,0
410,0,3,1,28.0,4133,25.4667,0,1,4
411,0,3,0,28.0,349222,7.8958,0,2,0
412,0,3,0,28.0,394140,6.8583,2,2,0
413,1,1,1,33.0,19928,90.0,2,1,1
414,0,2,0,28.0,239853,0.0,0,2,0
415,1,3,0,44.0,STON/O 2. 3101269,7.925,0,2,0
416,0,3,1,28.0,343095,8.05,0,3,0
417,1,2,1,34.0,28220,32.5,0,3,2
418,1,2,1,18.0,250652,13.0,0,1,2
419,0,2,0,30.0,28228,13.0,0,2,0
420,0,3,1,10.0,345773,24.15,0,1,2
421,0,3,0,28.0,349254,7.8958,1,2,0
422,0,3,0,21.0,A/5. 13032,7.7333,2,2,0
423,0,3,0,29.0,315082,7.875,0,2,0
424,0,3,1,28.0,347080,14.4,0,3,2
425,0,3,0,18.0,370129,20.2125,0,2,2
426,0,3,0,28.0,A/4. 34244,7.25,0,2,0
427,1,2,1,28.0,2003,26.0,0,3,1
428,1,2,1,19.0,250655,26.0,0,1,0
429,0,3,0,28.0,364851,7.75,2,2,0
430,1,3,0,32.0,SOTON/O.Q. 392078,8.05,0,2,0
431,1,1,0,28.0,110564,26.55,0,2,0
432,1,3,1,28.0,376564,16.1,0,3,1
433,1,2,1,42.0,SC/AH 3085,26.0,0,3,1
434,0,3,0,17.0,STON/O 2. 3101274,7.125,0,2,0
435,0,1,0,50.0,13507,55.9,0,2,1
436,1,1,1,14.0,113760,120.0,0,1,3
437,0,3,1,21.0,W./C. 6608,34.375,0,1,4
438,1,2,1,24.0,29106,18.75,0,3,5
439,0,1,0,64.0,19950,263.0,0,2,5
440,0,2,0,31.0,C.A. 18723,10.5,0,2,0
441,1,2,1,45.0,F.C.C. 13529,26.25,0,3,2
442,0,3,0,20.0,345769,9.5,0,2,0
443,0,3,0,25.0,347076,7.775,0,2,1
444,1,2,1,28.0,230434,13.0,0,4,0
445,1,3,0,28.0,65306,8.1125,0,2,0
446,1,1,0,4.0,33638,81.8583,0,0,2
447,1,2,1,13.0,250644,19.5,0,1,1
448,1,1,0,34.0,113794,26.55,0,2,0
449,1,3,1,5.0,2666,19.2583,1,1,3
450,1,1,0,52.0,113786,30.5,0,4,0
451,0,2,0,36.0,C.A. 34651,27.75,0,2,3
452,0,3,0,28.0,65303,19.9667,0,2,1
453,0,1,0,30.0,113051,27.75,1,2,0
454,1,1,0,49.0,17453,89.1042,1,2,1
455,0,3,0,28.0,A/5 2817,8.05,0,2,0
456,1,3,0,29.0,349240,7.8958,1,2,0
457,0,1,0,65.0,13509,26.55,0,2,0
458,1,1,1,28.0,17464,51.8625,0,3,1
459,1,2,1,50.0,F.C.C. 13531,10.5,0,1,0
460,0,3,0,28.0,371060,7.75,2,2,0
461,1,1,0,48.0,19952,26.55,0,2,0
462,0,3,0,34.0,364506,8.05,0,2,0
463,0,1,0,47.0,111320,38.5,0,2,0
464,0,2,0,48.0,234360,13.0,0,2,0
465,0,3,0,28.0,A/S 2816,8.05,0,2,0
466,0,3,0,38.0,SOTON/O.Q. 3101306,7.05,0,2,0
467,0,2,0,28.0,239853,0.0,0,2,0
468,0,1,0,56.0,113792,26.55,0,2,0
469,0,3,0,28.0,36209,7.725,2,2,0
470,1,3,1,0.75,2666,19.2583,1,1,3
471,0,3,0,28.0,323592,7.25,0,2,0
472,0,3,0,38.0,315089,8.6625,0,2,0
473,1,2,1,33.0,C.A. 34651,27.75,0,3,3
474,1,2,1,23.0,SC/AH Basle 541,13.7917,1,3,0
475,0,3,1,22.0,7553,9.8375,0,1,0
476,0,1,0,28.0,110465,52.0,0,2,0
477,0,2,0,34.0,31027,21.0,0,2,1
478,0,3,0,29.0,3460,7.0458,0,2,1
479,0,3,0,22.0,350060,7.5208,0,2,0
480,1,3,1,2.0,3101298,12.2875,0,1,1
481,0,3,0,9.0,CA 2144,46.9,0,0,7
482,0,2,0,28.0,239854,0.0,0,2,0
483,0,3,0,50.0,A/5 3594,8.05,0,2,0
484,1,3,1,63.0,4134,9.5875,0,3,0
485,1,1,0,25.0,11967,91.0792,1,2,1
486,0,3,1,28.0,4133,25.4667,0,1,4
487,1,1,1,35.0,19943,90.0,0,3,1
488,0,1,0,58.0,11771,29.7,1,2,0
489,0,3,0,30.0,A.5. 18509,8.05,0,2,0
490,1,3,0,9.0,C.A. 37671,15.9,0,0,2
491,0,3,0,28.0,65304,19.9667,0,2,1
492,0,3,0,21.0,SOTON/OQ 3101317,7.25,0,2,0
493,0,1,0,55.0,113787,30.5,0,2,0
494,0,1,0,71.0,PC 17609,49.5042,1,2,0
495,0,3,0,21.0,A/4 45380,8.05,0,2,0
496,0,3,0,28.0,2627,14.4583,1,2,0
497,1,1,1,54.0,36947,78.2667,1,1,1
498,0,3,0,28.0,C.A. 6212,15.1,0,2,0
499,0,1,1,25.0,113781,151.55,0,3,3
500,0,3,0,24.0,350035,7.7958,0,2,0
501,0,3,0,17.0,315086,8.6625,0,2,0
502,0,3,1,21.0,364846,7.75,2,1,0
503,0,3,1,28.0,330909,7.6292,2,1,0
504,0,3,1,37.0,4135,9.5875,0,1,0
505,1,1,1,16.0,110152,86.5,0,1,0
506,0,1,0,18.0,PC 17758,108.9,1,2,1
507,1,2,1,33.0,26360,26.0,0,3,2
508,1,1,0,28.0,111427,26.55,0,2,0
509,0,3,0,28.0,C 4001,22.525,0,2,0
510,1,3,0,26.0,1601,56.4958,0,2,0
511,1,3,0,29.0,382651,7.75,2,2,0
512,0,3,0,28.0,SOTON/OQ 3101316,8.05,0,2,0
513,1,1,0,36.0,PC 17473,26.2875,0,2,0
514,1,1,1,54.0,PC 17603,59.4,1,3,1
515,0,3,0,24.0,349209,7.4958,0,2,0
516,0,1,0,47.0,36967,34.0208,0,2,0
517,1,2,1,34.0,C.A. 34260,10.5,0,3,0
518,0,3,0,28.0,371110,24.15,2,2,0
519,1,2,1,36.0,226875,26.0,0,3,1
520,0,3,0,32.0,349242,7.8958,0,2,0
521,1,1,1,30.0,12749,93.5,0,1,0
522,0,3,0,22.0,349252,7.8958,0,2,0
523,0,3,0,28.0,2624,7.225,1,2,0
524,1,1,1,44.0,111361,57.9792,1,3,1
525,0,3,0,28.0,2700,7.2292,1,2,0
526,0,3,0,40.5,367232,7.75,2,2,0
527,1,2,1,50.0,W./C. 14258,10.5,0,1,0
528,0,1,0,28.0,PC 17483,221.7792,0,2,0
529,0,3,0,39.0,3101296,7.925,0,2,0
530,0,2,0,23.0,29104,11.5,0,2,3
531,1,2,1,2.0,26360,26.0,0,1,2
532,0,3,0,28.0,2641,7.2292,1,2,0
533,0,3,0,17.0,2690,7.2292,1,2,2
534,1,3,1,28.0,2668,22.3583,1,3,2
535,0,3,1,30.0,315084,8.6625,0,1,0
536,1,2,1,7.0,F.C.C. 13529,26.25,0,1,2
537,0,1,0,45.0,113050,26.55,0,4,0
538,1,1,1,30.0,PC 17761,106.425,1,1,0
539,0,3,0,28.0,364498,14.5,0,2,0
540,1,1,1,22.0,13568,49.5,1,1,2
541,1,1,1,36.0,WE/P 5735,71.0,0,1,2
542,0,3,1,9.0,347082,31.275,0,1,6
543,0,3,1,11.0,347082,31.275,0,1,6
544,1,2,0,32.0,2908,26.0,0,2,1
545,0,1,0,50.0,PC 17761,106.425,1,2,1
546,0,1,0,64.0,693,26.0,0,2,0
547,1,2,1,19.0,2908,26.0,0,3,1
548,1,2,0,28.0,SC/PARIS 2146,13.8625,1,2,0
549,0,3,0,33.0,363291,20.525,0,2,2
550,1,2,0,8.0,C.A. 33112,36.75,0,0,2
551,1,1,0,17.0,17421,110.8833,1,2,2
552,0,2,0,27.0,244358,26.0,0,2,0
553,0,3,0,28.0,330979,7.8292,2,2,0
554,1,3,0,22.0,2620,7.225,1,2,0
555,1,3,1,22.0,347085,7.775,0,1,0
556,0,1,0,62.0,113807,26.55,0,2,0
557,1,1,1,48.0,11755,39.6,1,4,1
558,0,1,0,28.0,PC 17757,227.525,1,2,0
559,1,1,1,39.0,110413,79.65,0,3,2
560,1,3,1,36.0,345572,17.4,0,3,1
561,0,3,0,28.0,372622,7.75,2,2,0
562,0,3,0,40.0,349251,7.8958,0,2,0
563,0,2,0,28.0,218629,13.5,0,2,0
564,0,3,0,28.0,SOTON/OQ 392082,8.05,0,2,0
565,0,3,1,28.0,SOTON/O.Q. 392087,8.05,0,1,0
566,0,3,0,24.0,A/4 48871,24.15,0,2,2
567,0,3,0,19.0,349205,7.8958,0,2,0
568,0,3,1,29.0,349909,21.075,0,3,4
569,0,3,0,28.0,2686,7.2292,1,2,0
570,1,3,0,32.0,350417,7.8542,0,2,0
571,1,2,0,62.0,S.W./PP 752,10.5,0,2,0
572,1,1,1,53.0,11769,51.4792,0,3,2
573,1,1,0,36.0,PC 17474,26.3875,0,2,0
574,1,3,1,28.0,14312,7.75,2,1,0
575,0,3,0,16.0,A/4. 20589,8.05,0,2,0
576,0,3,0,19.0,358585,14.5,0,2,0
577,1,2,1,34.0,243880,13.0,0,1,0
578,1,1,1,39.0,13507,55.9,0,3,1
579,0,3,1,28.0,2689,14.4583,1,3,1
580,1,3,0,32.0,STON/O 2. 3101286,7.925,0,2,0
581,1,2,1,25.0,237789,30.0,0,1,2
582,1,1,1,39.0,17421,110.8833,1,3,2
583,0,2,0,54.0,28403,26.0,0,2,0
584,0,1,0,36.0,13049,40.125,1,2,0
585,0,3,0,28.0,3411,8.7125,1,2,0
586,1,1,1,18.0,110413,79.65,0,1,2
587,0,2,0,47.0,237565,15.0,0,2,0
588,1,1,0,60.0,13567,79.2,1,2,2
589,0,3,0,22.0,14973,8.05,0,2,0
590,0,3,0,28.0,A./5. 3235,8.05,0,2,0
591,0,3,0,35.0,STON/O 2. 3101273,7.125,0,2,0
592,1,1,1,52.0,36947,78.2667,1,3,1
593,0,3,0,47.0,A/5 3902,7.25,0,2,0
594,0,3,1,28.0,364848,7.75,2,1,2
595,0,2,0,37.0,SC/AH 29037,26.0,0,2,1
596,0,3,0,36.0,345773,24.15,0,2,2
597,1,2,1,28.0,248727,33.0,0,1,0
598,0,3,0,49.0,LINE,0.0,0,2,0
599,0,3,0,28.0,2664,7.225,1,2,0
600,1,1,0,49.0,PC 17485,56.9292,1,4,1
601,1,2,1,24.0,243847,27.0,0,3,3
602,0,3,0,28.0,349214,7.8958,0,2,0
603,0,1,0,28.0,113796,42.4,0,2,0
604,0,3,0,44.0,364511,8.05,0,2,0
605,1,1,0,35.0,111426,26.55,1,2,0
606,0,3,0,36.0,349910,15.55,0,2,1
607,0,3,0,30.0,349246,7.8958,0,2,0
608,1,1,0,27.0,113804,30.5,0,2,0
609,1,2,1,22.0,SC/Paris 2123,41.5792,1,3,3
610,1,1,1,40.0,PC 17582,153.4625,0,1,0
611,0,3,1,39.0,347082,31.275,0,3,6
612,0,3,0,28.0,SOTON/O.Q. 3101305,7.05,0,2,0
613,1,3,1,28.0,367230,15.5,2,1,1
614,0,3,0,28.0,370377,7.75,2,2,0
615,0,3,0,35.0,364512,8.05,0,2,0
616,1,2,1,24.0,220845,65.0,0,1,3
617,0,3,0,34.0,347080,14.4,0,2,2
618,0,3,1,26.0,A/5. 3336,16.1,0,3,1
619,1,2,1,4.0,230136,39.0,0,1,3
620,0,2,0,26.0,31028,10.5,0,2,0
621,0,3,0,27.0,2659,14.4542,1,2,1
622,1,1,0,42.0,11753,52.5542,0,2,1
623,1,3,0,20.0,2653,15.7417,1,2,2
624,0,3,0,21.0,350029,7.8542,0,2,0
625,0,3,0,21.0,54636,16.1,0,2,0
626,0,1,0,61.0,36963,32.3208,0,2,0
627,0,2,0,57.0,219533,12.35,2,4,0
628,1,1,1,21.0,13502,77.9583,0,1,0
629,0,3,0,26.0,349224,7.8958,0,2,0
630,0,3,0,28.0,334912,7.7333,2,2,0
631,1,1,0,80.0,27042,30.0,0,2,0
632,0,3,0,51.0,347743,7.0542,0,2,0
633,1,1,0,32.0,13214,30.5,1,4,0
634,0,1,0,28.0,112052,0.0,0,2,0
635,0,3,1,9.0,347088,27.9,0,1,5
636,1,2,1,28.0,237668,13.0,0,1,0
637,0,3,0,32.0,STON/O 2. 3101292,7.925,0,2,0
638,0,2,0,31.0,C.A. 31921,26.25,0,2,2
639,0,3,1,41.0,3101295,39.6875,0,3,5
640,0,3,0,28.0,376564,16.1,0,2,1
641,0,3,0,20.0,350050,7.8542,0,2,0
642,1,1,1,24.0,PC 17477,69.3,1,4,0
643,0,3,1,2.0,347088,27.9,0,1,5
644,1,3,0,28.0,1601,56.4958,0,2,0
645,1,3,1,0.75,2666,19.2583,1,1,3
646,1,1,0,48.0,PC 17572,76.7292,1,2,1
647,0,3,0,19.0,349231,7.8958,0,2,0
648,1,1,0,56.0,13213,35.5,1,4,0
649,0,3,0,28.0,S.O./P.P. 751,7.55,0,2,0
650,1,3,1,23.0,CA. 2314,7.55,0,1,0
651,0,3,0,28.0,349221,7.8958,0,2,0
652,1,2,1,18.0,231919,23.0,0,1,1
653,0,3,0,21.0,8475,8.4333,0,2,0
654,1,3,1,28.0,330919,7.8292,2,1,0
655,0,3,1,18.0,365226,6.75,2,1,0
656,0,2,0,24.0,S.O.C. 14879,73.5,0,2,2
657,0,3,0,28.0,349223,7.8958,0,2,0
658,0,3,1,32.0,364849,15.5,2,3,2
659,0,2,0,23.0,29751,13.0,0,2,0
660,0,1,0,58.0,35273,113.275,1,2,2
661,1,1,0,50.0,PC 17611,133.65,0,4,2
662,0,3,0,40.0,2623,7.225,1,2,0
663,0,1,0,47.0,5727,25.5875,0,2,0
664,0,3,0,36.0,349210,7.4958,0,2,0
665,1,3,0,20.0,STON/O 2. 3101285,7.925,0,2,1
666,0,2,0,32.0,S.O.C. 14879,73.5,0,2,2
667,0,2,0,25.0,234686,13.0,0,2,0
668,0,3,0,28.0,312993,7.775,0,2,0
669,0,3,0,43.0,A/5 3536,8.05,0,2,0
670,1,1,1,28.0,19996,52.0,0,3,1
671,1,2,1,40.0,29750,39.0,0,3,2
672,0,1,0,31.0,F.C. 12750,52.0,0,2,1
673,0,2,0,70.0,C.A. 24580,10.5,0,2,0
674,1,2,0,31.0,244270,13.0,0,2,0
675,0,2,0,28.0,239856,0.0,0,2,0
676,0,3,0,18.0,349912,7.775,0,2,0
677,0,3,0,24.5,342826,8.05,0,2,0
678,1,3,1,18.0,4138,9.8417,0,1,0
679,0,3,1,43.0,CA 2144,46.9,0,3,7
680,1,1,0,36.0,PC 17755,512.3292,1,2,1
681,0,3,1,28.0,330935,8.1375,2,1,0
682,1,1,0,27.0,PC 17572,76.7292,1,2,0
683,0,3,0,20.0,6563,9.225,0,2,0
684,0,3,0,14.0,CA 2144,46.9,0,2,7
685,0,2,0,60.0,29750,39.0,0,2,2
686,0,2,0,25.0,SC/Paris 2123,41.5792,1,2,3
687,0,3,0,14.0,3101295,39.6875,0,2,5
688,0,3,0,19.0,349228,10.1708,0,2,0
689,0,3,0,18.0,350036,7.7958,0,2,0
690,1,1,1,15.0,24160,211.3375,0,1,1
691,1,1,0,31.0,17474,57.0,0,2,1
692,1,3,1,4.0,349256,13.4167,1,1,1
693,1,3,0,28.0,1601,56.4958,0,2,0
694,0,3,0,25.0,2672,7.225,1,2,0
695,0,1,0,60.0,113800,26.55,0,4,0
696,0,2,0,52.0,248731,13.5,0,2,0
697,0,3,0,44.0,363592,8.05,0,2,0
698,1,3,1,28.0,35852,7.7333,2,1,0
699,0,1,0,49.0,17421,110.8833,1,2,2
700,0,3,0,42.0,348121,7.65,0,2,0
701,1,1,1,18.0,PC 17757,227.525,1,3,1
702,1,1,0,35.0,PC 17475,26.2875,0,2,0
703,0,3,1,18.0,2691,14.4542,1,1,1
704,0,3,0,25.0,36864,7.7417,2,2,0
705,0,3,0,26.0,350025,7.8542,0,2,1
706,0,2,0,39.0,250655,26.0,0,2,0
707,1,2,1,45.0,223596,13.5,0,3,0
708,1,1,0,42.0,PC 17476,26.2875,0,2,0
709,1,1,1,22.0,113781,151.55,0,1,0
710,1,3,0,28.0,2661,15.2458,1,0,2
711,1,1,1,24.0,PC 17482,49.5042,1,4,0
712,0,1,0,28.0,113028,26.55,0,2,0
713,1,1,0,48.0,19996,52.0,0,2,1
714,0,3,0,29.0,7545,9.4833,0,2,0
715,0,2,0,52.0,250647,13.0,0,2,0
716,0,3,0,19.0,348124,7.65,0,2,0
717,1,1,1,38.0,PC 17757,227.525,1,1,0
718,1,2,1,27.0,34218,10.5,0,1,0
719,0,3,0,28.0,36568,15.5,2,2,0
720,0,3,0,33.0,347062,7.775,0,2,0
721,1,2,1,6.0,248727,33.0,0,1,1
722,0,3,0,17.0,350048,7.0542,0,2,1
723,0,2,0,34.0,12233,13.0,0,2,0
724,0,2,0,50.0,250643,13.0,0,2,0
725,1,1,0,27.0,113806,53.1,0,2,1
726,0,3,0,20.0,315094,8.6625,0,2,0
727,1,2,1,30.0,31027,21.0,0,3,3
728,1,3,1,28.0,36866,7.7375,2,1,0
729,0,2,0,25.0,236853,26.0,0,2,1
730,0,3,1,25.0,STON/O2. 3101271,7.925,0,1,1
731,1,1,1,29.0,24160,211.3375,0,1,0
732,0,3,0,11.0,2699,18.7875,1,2,0
733,0,2,0,28.0,239855,0.0,0,2,0
734,0,2,0,23.0,28425,13.0,0,2,0
735,0,2,0,23.0,233639,13.0,0,2,0
736,0,3,0,28.5,54636,16.1,0,2,0
737,0,3,1,48.0,W./C. 6608,34.375,0,3,4
738,1,1,0,35.0,PC 17755,512.3292,1,2,0
739,0,3,0,28.0,349201,7.8958,0,2,0
740,0,3,0,28.0,349218,7.8958,0,2,0
741,1,1,0,28.0,16988,30.0,0,2,0
742,0,1,0,36.0,19877,78.85,0,2,1
743,1,1,1,21.0,PC 17608,262.375,1,1,4
744,0,3,0,24.0,376566,16.1,0,2,1
745,1,3,0,31.0,STON/O 2. 3101288,7.925,0,2,0
746,0,1,0,70.0,WE/P 5735,71.0,0,4,2
747,0,3,0,16.0,C.A. 2673,20.25,0,2,2
748,1,2,1,30.0,250648,13.0,0,1,0
749,0,1,0,19.0,113773,53.1,0,2,1
750,0,3,0,31.0,335097,7.75,2,2,0
751,1,2,1,4.0,29103,23.0,0,1,2
752,1,3,0,6.0,392096,12.475,0,0,1
753,0,3,0,33.0,345780,9.5,0,2,0
754,0,3,0,23.0,349204,7.8958,0,2,0
755,1,2,1,48.0,220845,65.0,0,3,3
756,1,2,0,0.67,250649,14.5,0,0,2
757,0,3,0,28.0,350042,7.7958,0,2,0
758,0,2,0,18.0,29108,11.5,0,2,0
759,0,3,0,34.0,363294,8.05,0,2,0
760,1,1,1,33.0,110152,86.5,0,4,0
761,0,3,0,28.0,358585,14.5,0,2,0
762,0,3,0,41.0,SOTON/O2 3101272,7.125,0,2,0
763,1,3,0,20.0,2663,7.2292,1,2,0
764,1,1,1,36.0,113760,120.0,0,3,3
765,0,3,0,16.0,347074,7.775,0,2,0
766,1,1,1,51.0,13502,77.9583,0,3,1
767,0,1,0,28.0,112379,39.6,1,4,0
768,0,3,1,30.5,364850,7.75,2,1,0
769,0,3,0,28.0,371110,24.15,2,2,1
770,0,3,0,32.0,8471,8.3625,0,2,0
771,0,3,0,24.0,345781,9.5,0,2,0
772,0,3,0,48.0,350047,7.8542,0,2,0
773,0,2,1,57.0,S.O./P.P. 3,10.5,0,3,0
774,0,3,0,28.0,2674,7.225,1,2,0
775,1,2,1,54.0,29105,23.0,0,3,4
776,0,3,0,18.0,347078,7.75,0,2,0
777,0,3,0,28.0,383121,7.75,2,2,0
778,1,3,1,5.0,364516,12.475,0,1,0
779,0,3,0,28.0,36865,7.7375,2,2,0
780,1,1,1,43.0,24160,211.3375,0,3,1
781,1,3,1,13.0,2687,7.2292,1,1,0
782,1,1,1,17.0,17474,57.0,0,3,1
783,0,1,0,29.0,113501,30.0,0,2,0
784,0,3,0,28.0,W./C. 6607,23.45,0,2,3
785,0,3,0,25.0,SOTON/O.Q. 3101312,7.05,0,2,0
786,0,3,0,25.0,374887,7.25,0,2,0
787,1,3,1,18.0,3101265,7.4958,0,1,0
788,0,3,0,8.0,382652,29.125,2,0,5
789,1,3,0,1.0,C.A. 2315,20.575,0,0,3
790,0,1,0,46.0,PC 17593,79.2,1,2,0
791,0,3,0,28.0,12460,7.75,2,2,0
792,0,2,0,16.0,239865,26.0,0,2,0
793,0,3,1,28.0,CA. 2343,69.55,0,1,10
794,0,1,0,28.0,PC 17600,30.6958,1,2,0
795,0,3,0,25.0,349203,7.8958,0,2,0
796,0,2,0,39.0,28213,13.0,0,2,0
797,1,1,1,49.0,17465,25.9292,0,4,0
798,1,3,1,31.0,349244,8.6833,0,3,0
799,0,3,0,30.0,2685,7.2292,1,2,0
800,0,3,1,30.0,345773,24.15,0,3,2
801,0,2,0,34.0,250647,13.0,0,2,0
802,1,2,1,31.0,C.A. 31921,26.25,0,3,2
803,1,1,0,11.0,113760,120.0,0,0,3
804,1,3,0,0.42,2625,8.5167,1,0,1
805,1,3,0,27.0,347089,6.975,0,2,0
806,0,3,0,31.0,347063,7.775,0,2,0
807,0,1,0,39.0,112050,0.0,0,2,0
808,0,3,1,18.0,347087,7.775,0,1,0
809,0,2,0,39.0,248723,13.0,0,2,0
810,1,1,1,33.0,113806,53.1,0,3,1
811,0,3,0,26.0,3474,7.8875,0,2,0
812,0,3,0,39.0,A/4 48871,24.15,0,2,0
813,0,2,0,35.0,28206,10.5,0,2,0
814,0,3,1,6.0,347082,31.275,0,1,6
815,0,3,0,30.5,364499,8.05,0,2,0
816,0,1,0,28.0,112058,0.0,0,2,0
817,0,3,1,23.0,STON/O2. 3101290,7.925,0,1,0
818,0,2,0,31.0,S.C./PARIS 2079,37.0042,1,2,2
819,0,3,0,43.0,C 7075,6.45,0,2,0
820,0,3,0,10.0,347088,27.9,0,0,5
821,1,1,1,52.0,12749,93.5,0,3,2
822,1,3,0,27.0,315098,8.6625,0,2,0
823,0,1,0,38.0,19972,0.0,0,4,0
824,1,3,1,27.0,392096,12.475,0,3,1
825,0,3,0,2.0,3101295,39.6875,0,0,5
826,0,3,0,28.0,368323,6.95,2,2,0
827,0,3,0,28.0,1601,56.4958,0,2,0
828,1,2,0,1.0,S.C./PARIS 2079,37.0042,1,0,2
829,1,3,0,28.0,367228,7.75,2,2,0
830,1,1,1,62.0,113572,80.0,0,3,0
831,1,3,1,15.0,2659,14.4542,1,3,1
832,1,2,0,0.83,29106,18.75,0,0,2
833,0,3,0,28.0,2671,7.2292,1,2,0
834,0,3,0,23.0,347468,7.8542,0,2,0
835,0,3,0,18.0,2223,8.3,0,2,0
836,1,1,1,39.0,PC 17756,83.1583,1,1,2
837,0,3,0,21.0,315097,8.6625,0,2,0
838,0,3,0,28.0,392092,8.05,0,2,0
839,1,3,0,32.0,1601,56.4958,0,2,0
840,1,1,0,28.0,11774,29.7,1,2,0
841,0,3,0,20.0,SOTON/O2 3101287,7.925,0,2,0
842,0,2,0,16.0,S.O./P.P. 3,10.5,0,2,0
843,1,1,1,30.0,113798,31.0,1,1,0
844,0,3,0,34.5,2683,6.4375,1,2,0
845,0,3,0,17.0,315090,8.6625,0,2,0
846,0,3,0,42.0,C.A. 5547,7.55,0,2,0
847,0,3,0,28.0,CA. 2343,69.55,0,2,10
848,0,3,0,35.0,349213,7.8958,1,2,0
849,0,2,0,28.0,248727,33.0,0,4,1
850,1,1,1,28.0,17453,89.1042,1,3,1
851,0,3,0,4.0,347082,31.275,0,0,6
852,0,3,0,74.0,347060,7.775,0,2,0
853,0,3,1,9.0,2678,15.2458,1,1,2
854,1,1,1,16.0,PC 17592,39.4,0,1,1
855,0,2,1,44.0,244252,26.0,0,3,1
856,1,3,1,18.0,392091,9.35,0,3,1
857,1,1,1,45.0,36928,164.8667,0,3,2
858,1,1,0,51.0,113055,26.55,0,2,0
859,1,3,1,24.0,2666,19.2583,1,3,3
860,0,3,0,28.0,2629,7.2292,1,2,0
861,0,3,0,41.0,350026,14.1083,0,2,2
862,0,2,0,21.0,28134,11.5,0,2,1
863,1,1,1,48.0,17466,25.9292,0,3,0
864,0,3,1,28.0,CA. 2343,69.55,0,1,10
865,0,2,0,24.0,233866,13.0,0,2,0
866,1,2,1,42.0,236852,13.0,0,3,0
867,1,2,1,27.0,SC/PARIS 2149,13.8583,1,1,1
868,0,1,0,31.0,PC 17590,50.4958,0,2,0
869,0,3,0,28.0,345777,9.5,0,2,0
870,1,3,0,4.0,347742,11.1333,0,0,2
871,0,3,0,26.0,349248,7.8958,0,2,0
872,1,1,1,47.0,11751,52.5542,0,3,2
873,0,1,0,33.0,695,5.0,0,2,0
874,0,3,0,47.0,345765,9.0,0,2,0
875,1,2,1,28.0,P/PP 3381,24.0,1,3,1
876,1,3,1,15.0,2667,7.225,1,1,0
877,0,3,0,20.0,7534,9.8458,0,2,0
878,0,3,0,19.0,349212,7.8958,0,2,0
879,0,3,0,28.0,349217,7.8958,0,2,0
880,1,1,1,56.0,11767,83.1583,1,3,1
881,1,2,1,25.0,230433,26.0,0,3,1
882,0,3,0,33.0,349257,7.8958,0,2,0
883,0,3,1,22.0,7552,10.5167,0,1,0
884,0,2,0,28.0,C.A./SOTON 34068,10.5,0,2,0
885,0,3,0,25.0,SOTON/OQ 392076,7.05,0,2,0
886,0,3,1,39.0,382652,29.125,2,3,5
887,0,2,0,27.0,211536,13.0,0,4,0
888,1,1,1,19.0,112053,30.0,0,1,0
889,0,3,1,28.0,W./C. 6607,23.45,0,1,3
890,1,1,0,26.0,111369,30.0,1,2,0
891,0,3,0,32.0,370376,7.75,2,2,0
